ts_code,name,invest_type,category,return_3m,return_6m,return_1y,volatility,max_drawdown,sharpe,data_points,rank_1y,percentile_1y,quality_score
015449.OF,太平安元C,债券型,债券型-主动,-0.43,-0.61,10.19,8.14,2.17,1.01,455,2,99.97352396081546,80.0
018840.OF,汇添富稳元回报A,债券型,债券型-主动,0.45,0.92,5.9,2.97,2.58,1.31,455,24,99.39105109875563,84.9
018841.OF,汇添富稳元回报C,债券型,债券型-主动,0.43,0.88,5.82,2.97,2.6,1.28,455,25,99.3645750595711,84.9
012902.OF,平安添悦A,债券型,债券型-主动,3.55,4.06,5.31,2.55,1.23,1.3,455,27,99.311622981202,84.9
023364.OF,平安添悦E,债券型,债券型-主动,3.53,4.02,5.24,2.66,1.5,1.22,455,28,99.28514694201748,84.9
012903.OF,平安添悦C,债券型,债券型-主动,3.52,4.0,5.22,2.55,1.26,1.26,455,30,99.23219486364839,84.9
022111.OF,华泰保兴恒利中短债D,债券型,债券型-主动,0.95,2.09,2.85,0.95,0.64,0.9,455,114,97.00820757214721,92.3
